model,f2_mean,f2_std,precision_mean,precision_std,recall_mean,recall_std
keyword_rules,0.9793340051812818,0.011828122970552165,0.9068337510442774,0.05209471182421647,1.0,0.0
tfidf_logreg_C0.25,0.9136618717859155,0.037887680857695165,0.8787658802177859,0.1745814637579091,0.9375,0.05590169943749474
tfidf_logreg_C1.0,0.9118316269906742,0.04055264560829892,0.8750877192982456,0.18149001975295834,0.9375,0.05590169943749474
tfidf_logreg_C4.0,0.9011756163346636,0.049046115170417265,0.8750877192982456,0.18149001975295834,0.925,0.07288689868556626
tfidf_linear_svc_C0.5,0.8958819852345808,0.05056881369718926,0.8750877192982456,0.18149001975295834,0.91875,0.07806247497997998
tfidf_linear_svc_C1.0,0.8958819852345808,0.05056881369718926,0.8750877192982456,0.18149001975295834,0.91875,0.07806247497997998
tfidf_linear_svc_C4.0,0.8831538399196492,0.06558414109135553,0.871646859083192,0.18798362557941306,0.90625,0.09682458365518543
tfidf_multinomial_nb_alpha0.1,0.8727232817911321,0.0723236475181738,0.8473684210526315,0.2013802786285157,0.9,0.09354143466934853
tfidf_multinomial_nb_alpha0.5,0.8935564435564436,0.05901357829907762,0.85,0.2,0.925,0.07288689868556626
tfidf_multinomial_nb_alpha1.0,0.8889479174247388,0.08454765955944082,0.86,0.19595917942265426,0.91875,0.11110243021644485
