id,subject,notice_type,hard_case,suspicious,y_true,y_pred,triage_label,p_action_needed,class_correct,suspicious_detected,top_terms,rule_hits,notes
vams-0148,Please verify your mailing address,address_verification,none,0,ACTION_NEEDED,ACTION_NEEDED,SUSPICIOUS,0.997,1,1,please (+0.019); address (+0.019); than (+0.018); due (+0.013); 2026 (+0.010); later than (+0.009); april (+0.008); the address (+0.008),"deadline_date=April 9, 2026; keyword_due=due",Benign mail matched a suspicious rule.
vams-0152,Address verification needed before the next payment,address_verification,none,0,ACTION_NEEDED,ACTION_NEEDED,SUSPICIOUS,0.9946,1,1,address (+0.024); before the (+0.021); before (+0.020); by (+0.018); account (+0.011); 2026 (+0.010); include (+0.009); returned (+0.009),"deadline_date=March 13, 2026; keyword_action_required=Action required",Benign mail matched a suspicious rule.
vams-0194,Urgent: do not miss this month's benefits bulletin,newsletter,urgent_newsletter,0,INFORMATIONAL,INFORMATIONAL,INFORMATIONAL,0.0011,1,0,bulletin (-0.019); urgent (-0.015); for your (-0.011); it does (-0.011); information (-0.010); your information (-0.010); no (-0.010); newsletter (-0.010),keyword_debt=debt; keyword_decision=decision,Held-out hard case scored as labeled.
vams-0198,Act now to read the example enrollment tips,newsletter,urgent_newsletter,0,INFORMATIONAL,INFORMATIONAL,INFORMATIONAL,0.0019,1,0,unsubscribe (-0.021); no action (-0.014); it does (-0.013); no (-0.012); newsletter (-0.012); urgent (-0.010); and it (-0.010); link (-0.009),keyword_action_required=action required,Held-out hard case scored as labeled.
vams-0199,Act now to read the example enrollment tips,newsletter,urgent_newsletter,0,INFORMATIONAL,INFORMATIONAL,INFORMATIONAL,0.0057,1,0,edition (-0.015); no response (-0.014); no (-0.013); bulletin (-0.012); urgent (-0.011); optional (-0.011); response is (-0.010); is needed (-0.010),keyword_decision=decision,Held-out hard case scored as labeled.
vams-0200,Act now to read the example enrollment tips,newsletter,urgent_newsletter,0,INFORMATIONAL,INFORMATIONAL,INFORMATIONAL,0.0015,1,0,unsubscribe (-0.023); no action (-0.015); edition (-0.015); for your (-0.014); it does (-0.014); information (-0.013); your information (-0.013); no (-0.013),,Held-out hard case scored as labeled.
vams-0203,Time-sensitive newsletter: health coverage myths,newsletter,urgent_newsletter,0,INFORMATIONAL,INFORMATIONAL,INFORMATIONAL,0.0013,1,0,newsletter (-0.024); unsubscribe (-0.021); bulletin (-0.019); no action (-0.014); for your (-0.013); information (-0.012); your information (-0.012); no (-0.012),keyword_decision=decision,Held-out hard case scored as labeled.
vams-0205,"Urgent update from Example VA News, for readers only",newsletter,urgent_newsletter,0,INFORMATIONAL,INFORMATIONAL,INFORMATIONAL,0.0003,1,0,no (-0.020); urgent (-0.014); article (-0.011); no response (-0.011); it does (-0.010); document (-0.009); your (-0.009); optional (-0.008),,Held-out hard case scored as labeled.
vams-0233,A short questionnaire on the demonstration visit,survey,none,0,INFORMATIONAL,INFORMATIONAL,SUSPICIOUS,0.0189,1,1,survey (-0.021); feedback (-0.018); for your (-0.014); it does (-0.014); your information (-0.013); information (-0.013); optional (-0.011); your (-0.009),keyword_action_required=action required,Benign mail matched a suspicious rule.
vams-0237,"Tell us about the example waiting room, if you want",survey,none,0,INFORMATIONAL,INFORMATIONAL,SUSPICIOUS,0.0082,1,1,it does (-0.026); no response (-0.013); no (-0.012); answer (-0.011); it (-0.010); about (-0.010); optional (-0.010); is needed (-0.010),,Benign mail matched a suspicious rule.
vams-0246,Payment posted on the example life policy,premium_receipt,none,0,INFORMATIONAL,INFORMATIONAL,SUSPICIOUS,0.0059,1,1,receipt (-0.027); no (-0.021); no action (-0.015); posted (-0.014); applied (-0.012); keep (-0.012); posting (-0.010); because of (-0.010),dollar_amount=$118.40; keyword_due=due; keyword_action_required=action required,Benign mail matched a suspicious rule.
vams-0259,A quiet note about a date on your example file,polite_deadline,polite_deadline,0,ACTION_NEEDED,ACTION_NEEDED,ACTION_NEEDED,0.985,1,0,date (+0.023); may (+0.011); beneficiary (+0.010); 2026 (+0.010); by (+0.010); the date (+0.009); date on (+0.008); still (+0.008),"deadline_date=May 20, 2026",Held-out hard case scored as labeled.
vams-0264,"When you have a moment, a window is closing",polite_deadline,polite_deadline,0,ACTION_NEEDED,ACTION_NEEDED,ACTION_NEEDED,0.9986,1,0,date (+0.022); window (+0.013); may (+0.011); please (+0.011); than (+0.010); finished (+0.009); 2026 (+0.009); is closing (+0.009),"deadline_date=March 25, 2026",Held-out hard case scored as labeled.
vams-0273,"Your benefits were suspended, verify today",phishing_demand,phishing,1,ACTION_NEEDED,ACTION_NEEDED,SUSPICIOUS,0.9667,1,1,phish (+0.008); security (+0.008); synthetic phish (+0.007); this synthetic (+0.007); the last (+0.007); verify your (+0.006); used (+0.006); number (+0.005),keyword_debt=debt,Held-out hard case scored as labeled.
vams-0275,"Your benefits were suspended, verify today",phishing_demand,phishing,1,ACTION_NEEDED,ACTION_NEEDED,SUSPICIOUS,0.9787,1,1,be (+0.009); account (+0.008); by (+0.008); verify your (+0.006); collection (+0.006); to be (+0.006); identity (+0.005); phish (+0.005),keyword_debt=debt,Held-out hard case scored as labeled.
vams-0282,Final warning: confirm your login or pay by gift card,phishing_demand,phishing,1,ACTION_NEEDED,ACTION_NEEDED,SUSPICIOUS,0.9884,1,1,before the (+0.010); before (+0.009); gift (+0.009); account (+0.009); by (+0.008); so the (+0.007); ends (+0.006); collection (+0.006),keyword_debt=debt,Held-out hard case scored as labeled.
vams-0285,Account alert that does not come from the real agency,phishing_demand,phishing,1,ACTION_NEEDED,ACTION_NEEDED,SUSPICIOUS,0.9718,1,1,account (+0.014); before the (+0.010); before (+0.009); password (+0.008); the last (+0.007); so the (+0.007); can (+0.007); ends (+0.006),,Held-out hard case scored as labeled.
vams-0294,"Tax form posted, open the secure-update page",phishing_lure,phishing,1,INFORMATIONAL,INFORMATIONAL,SUSPICIOUS,0.0024,1,1,no (-0.018); tax (-0.016); statement (-0.014); posted (-0.012); it does (-0.011); document (-0.010); form (-0.008); it (-0.008),keyword_debt=debt,Held-out hard case scored as labeled.
vams-0296,"Tax form posted, open the secure-update page",phishing_lure,phishing,1,INFORMATIONAL,INFORMATIONAL,SUSPICIOUS,0.0024,1,1,posted (-0.020); it does (-0.020); statement (-0.019); no (-0.011); document (-0.010); tax (-0.010); link (-0.009); form (-0.009),keyword_debt=debt,Held-out hard case scored as labeled.
vams-0304,Statement notice with an extra login step,phishing_lure,phishing,1,INFORMATIONAL,INFORMATIONAL,SUSPICIOUS,0.0178,1,1,statement (-0.016); link (-0.016); posted (-0.013); it does (-0.013); because of (-0.010); informational (-0.008); is informational (-0.008); mentions (-0.007),,Held-out hard case scored as labeled.
